<?xml version="1.0" encoding="UTF-8" ?>
<data>
	<empStr>
		<empNo>100</empNo>
		<empname>Rahul</empname>
		<empsal>900</empsal>
		<empcur>EUR</empcur>
	</empStr>
	<empTbl>
		<row>
			<empNo>100</empNo>
			<empname>Rahul</empname>
			<empsal>100</empsal>
			<empcur>EUR</empcur>
			<empfootb>false</empfootb>
			<empmar>S</empmar>
			<empgen>https://encrypted-tbn0.gstatic.com/images?q=tbn:ANd9GcRWExOnUzueyinId7RyD4JOuTDrXPlLgnxH4Q&amp;usqp=CAU</empgen>
		</row>
		<row>
			<empNo>101</empNo>
			<empname>Cristiano</empname>
			<empsal>80000</empsal>
			<empcur>EUR</empcur>
			<empfootb>true</empfootb>
			<empmar>S</empmar>
			<empgen>https://encrypted-tbn0.gstatic.com/images?q=tbn:ANd9GcRWExOnUzueyinId7RyD4JOuTDrXPlLgnxH4Q&amp;usqp=CAU</empgen>
		</row>
		<row>
			<empNo>102</empNo>
			<empname>Kroos</empname>
			<empsal>900</empsal>
			<empcur>EUR</empcur>
			<empfootb>true</empfootb>
			<empmar>M</empmar>
			<empgen>https://encrypted-tbn0.gstatic.com/images?q=tbn:ANd9GcQiqLXGt7a7zp4vmMADTmOvwd8vn9swJ6mRFA&amp;usqp=CAU</empgen>
		</row>
		<row>
			<empNo>103</empNo>
			<empname>Casemiro</empname>
			<empsal>900</empsal>
			<empcur>EUR</empcur>
			<empfootb>true</empfootb>
			<empmar>S</empmar>
			<empgen>https://encrypted-tbn0.gstatic.com/images?q=tbn:ANd9GcRWExOnUzueyinId7RyD4JOuTDrXPlLgnxH4Q&amp;usqp=CAU</empgen>
		</row>
		<row>
			<empNo>104</empNo>
			<empname>Isco</empname>
			<empsal>900</empsal>
			<empcur>EUR</empcur>
			<empfootb>false</empfootb>
			<empmar>S</empmar>
			<empgen>https://encrypted-tbn0.gstatic.com/images?q=tbn:ANd9GcRWExOnUzueyinId7RyD4JOuTDrXPlLgnxH4Q&amp;usqp=CAU</empgen>
		</row>
		<row>
			<empNo>105</empNo>
			<empname>Modric</empname>
			<empsal>900</empsal>
			<empcur>EUR</empcur>
			<empfootb>true</empfootb>
			<empmar>M</empmar>
			<empgen>https://encrypted-tbn0.gstatic.com/images?q=tbn:ANd9GcQiqLXGt7a7zp4vmMADTmOvwd8vn9swJ6mRFA&amp;usqp=CAU</empgen>
		</row>
	</empTbl>
</data>